elapsed_seconds,timestamp,sm_clock_mhz,memory_clock_mhz,temperature_c,power_w,gpu_utilization_percent,completed_matmuls
0.0002277999883517623,2026/09/18 14:39:18.317,300,405,38,26.31,0,10
5.000964200007729,2026/09/18 14:39:23.318,2460,10251,57,451.68,98,715
10.003245099971537,2026/09/18 14:39:28.316,2415,10251,59,450.48,98,1416
15.099556599976495,2026/09/18 14:39:33.399,2415,10251,61,450.17,98,2127
20.080909399956,2026/09/18 14:39:38.390,2400,10251,63,449.19,99,2825
25.07476729998598,2026/09/18 14:39:43.369,2415,10251,65,448.20,99,3519
30.055795799999032,2026/09/18 14:39:48.373,2415,10251,67,449.74,98,4216
35.058227200002875,2026/09/18 14:39:53.358,2400,10251,68,449.74,98,4908
40.044884599978104,2026/09/18 14:39:58.359,2385,10251,69,449.55,98,5602
45.04540449997876,2026/09/18 14:40:03.360,2385,10251,70,449.61,99,6294
50.04539099999238,2026/09/18 14:40:08.336,2400,10251,71,449.55,99,6983
55.0178595999605,2026/09/18 14:40:13.315,2415,10251,71,448.85,97,7672
60.0009507999639,2026/09/18 14:40:18.316,2415,10251,71,449.35,98,8362
65.10010149999289,2026/09/18 14:40:23.410,2370,10251,72,449.10,99,9065
70.09687089995714,2026/09/18 14:40:28.396,2370,10251,73,449.07,99,9753
75.08268389996374,2026/09/18 14:40:33.387,2370,10251,72,449.04,98,10441
80.07398159999866,2026/09/18 14:40:38.397,2370,10251,72,449.59,99,11132
85.08436719997553,2026/09/18 14:40:43.404,2385,10251,73,449.28,98,11821
90.03376419999404,2026/09/18 14:40:48.336,2340,10251,73,448.44,98,12485
95.02110049995827,2026/09/18 14:40:53.334,2355,10251,73,449.15,99,13173
100.02192619995913,2026/09/18 14:40:58.340,2370,10251,73,449.30,99,13861
105.02704919996904,2026/09/18 14:41:03.330,2370,10251,73,449.34,98,14547
110.01740509999217,2026/09/18 14:41:08.331,2370,10251,74,449.38,98,15235
115.01949469995452,2026/09/18 14:41:13.327,2370,10251,74,449.39,98,15919
120.0138627999695,2026/09/18 14:41:18.313,2370,10251,74,449.23,98,16599
125.09942509996472,2026/09/18 14:41:23.411,2355,10251,74,449.51,99,17298
130.0006679999642,2026/09/18 14:41:28.316,2370,10251,74,449.60,99,17971
135.00288419995923,2026/09/18 14:41:33.319,2355,10251,74,449.50,98,18657
140.0070921999868,2026/09/18 14:41:38.320,2370,10251,74,449.64,98,19343
145.00669099995866,2026/09/18 14:41:43.321,2370,10251,75,449.56,99,20028
150.01121669996064,2026/09/18 14:41:48.296,2370,10251,74,449.20,98,20701
155.0855181000079,2026/09/18 14:41:53.393,2355,10251,75,449.77,98,21396
160.08097319997614,2026/09/18 14:41:58.392,2370,10251,75,449.50,98,22082
165.07963870000094,2026/09/18 14:42:03.392,2355,10251,75,449.56,99,22766
170.08398569998099,2026/09/18 14:42:08.403,2355,10251,75,449.62,99,23452
175.09037559997523,2026/09/18 14:42:13.397,2355,10251,75,449.74,98,24136
180.0856327000074,2026/09/18 14:42:18.382,2370,10251,75,449.36,98,24818
185.07402840000577,2026/09/18 14:42:23.385,2370,10251,75,449.73,99,25504
190.07222229999024,2026/09/18 14:42:28.382,2370,10251,75,449.60,98,26187
195.07247019995702,2026/09/18 14:42:33.389,2370,10251,75,449.81,98,26872
200.0804962000111,2026/09/18 14:42:38.391,2340,10251,75,449.13,99,27556
205.0794646999566,2026/09/18 14:42:43.389,2355,10251,75,449.48,98,28240
210.0794850999955,2026/09/18 14:42:48.390,2340,10251,75,449.65,98,28924
215.07746000000043,2026/09/18 14:42:53.392,2355,10251,75,449.68,99,29609
220.08171050000237,2026/09/18 14:42:58.394,2370,10251,75,449.68,99,30293
225.08129479998024,2026/09/18 14:43:03.394,2370,10251,75,449.49,99,30977
230.08511159999762,2026/09/18 14:43:08.400,2355,10251,76,449.78,99,31661
235.08855539996875,2026/09/18 14:43:13.403,2355,10251,76,449.77,99,32346
240.09432609996293,2026/09/18 14:43:18.411,2370,10251,76,449.40,98,33031
245.0996926999651,2026/09/18 14:43:23.410,2370,10251,76,449.08,98,33711
250.00255430000834,2026/09/18 14:43:28.303,2370,10251,76,449.47,98,34372
255.09155579999788,2026/09/18 14:43:33.394,2370,10251,76,449.97,98,35069
260.08362869999837,2026/09/18 14:43:38.391,2370,10251,75,449.62,99,35753
265.08111029997235,2026/09/18 14:43:43.392,2355,10251,75,449.75,99,36437
270.0832762999926,2026/09/18 14:43:48.398,2340,10251,76,450.38,98,37122
275.08911989995977,2026/09/18 14:43:53.400,2355,10251,75,449.51,99,37806
280.089342399966,2026/09/18 14:43:58.409,2370,10251,75,449.71,99,38491
285.0026811999851,2026/09/18 14:44:03.308,2355,10251,75,449.71,99,39161
290.0004871999845,2026/09/18 14:44:08.316,2355,10251,75,449.60,99,39846
295.0064810999902,2026/09/18 14:44:13.306,2355,10251,75,449.78,99,40529
300.09648329997435,2026/09/18 14:44:18.404,2370,10251,75,449.31,98,41227
305.0934855999658,2026/09/18 14:44:23.387,2370,10251,75,449.56,98,41908
310.0744908999768,2026/09/18 14:44:28.390,2370,10251,75,449.73,99,42593
315.08084459998645,2026/09/18 14:44:33.393,2385,10251,75,449.13,98,43271
320.0822080000071,2026/09/18 14:44:38.375,2340,10251,75,450.03,99,43951
325.0666618999676,2026/09/18 14:44:43.367,2370,10251,75,449.20,97,44635
330.0579259999795,2026/09/18 14:44:48.361,2355,10251,75,449.52,99,45319
335.0555326999747,2026/09/18 14:44:53.347,2355,10251,75,449.60,98,46001
340.0387524999678,2026/09/18 14:44:58.352,2340,10251,75,449.89,99,46687
345.0414059999748,2026/09/18 14:45:03.349,2355,10251,75,449.46,98,47371
350.03990249999333,2026/09/18 14:45:08.344,2370,10251,75,449.72,98,48055
355.03537940001115,2026/09/18 14:45:13.340,2370,10251,75,449.88,99,48740
360.03051640000194,2026/09/18 14:45:18.341,2385,10251,74,449.39,97,49425
365.031020800001,2026/09/18 14:45:23.325,2340,10251,74,449.98,99,50107
370.016482899955,2026/09/18 14:45:28.310,2370,10251,74,449.12,98,50791
375.00170620001154,2026/09/18 14:45:33.311,2355,10251,74,449.64,98,51476
380.0040433999966,2026/09/18 14:45:38.303,2355,10251,74,449.33,98,52159
385.0957043999806,2026/09/18 14:45:43.414,2385,10251,74,449.68,99,52850
390.0049607999972,2026/09/18 14:45:48.315,2370,10251,74,449.34,99,53520
395.0054952999926,2026/09/18 14:45:53.316,2370,10251,74,449.53,99,54205
400.0069433999597,2026/09/18 14:45:58.313,2370,10251,74,449.08,98,54890
405.002911699994,2026/09/18 14:46:03.307,2370,10251,74,449.20,98,55571
410.09929459996056,2026/09/18 14:46:08.403,2370,10251,74,449.25,99,56269
415.09454309998546,2026/09/18 14:46:13.404,2355,10251,74,449.45,98,56954
420.0980204999796,2026/09/18 14:46:18.405,2370,10251,74,449.29,98,57640
425.09633689996554,2026/09/18 14:46:23.410,2355,10251,74,449.59,98,58326
430.00382719998015,2026/09/18 14:46:28.302,2355,10251,74,449.42,99,58996
435.09251649997896,2026/09/18 14:46:33.397,2370,10251,74,449.39,98,59697
440.0965547999949,2026/09/18 14:46:38.400,2355,10251,74,449.63,99,60382
445.0929935000022,2026/09/18 14:46:43.395,2370,10251,74,449.74,99,61067
450.0852248999872,2026/09/18 14:46:48.395,2370,10251,74,449.43,98,61752
455.0876559999888,2026/09/18 14:46:53.399,2370,10251,74,449.61,98,62439
460.0903771999874,2026/09/18 14:46:58.377,2370,10251,74,449.61,99,63122
465.06583719997434,2026/09/18 14:47:03.356,2355,10251,75,449.84,99,63806
470.04614890000084,2026/09/18 14:47:08.340,2370,10251,74,449.69,99,64490
475.0315966999624,2026/09/18 14:47:13.329,2370,10251,74,449.67,99,65175
480.0228618999827,2026/09/18 14:47:18.333,2370,10251,74,449.53,98,65862
485.0225727999932,2026/09/18 14:47:23.327,2370,10251,75,449.65,99,66547
490.0192728000111,2026/09/18 14:47:28.304,2370,10251,74,449.54,98,67230
495.0940253000008,2026/09/18 14:47:33.392,2355,10251,74,449.43,99,67928
500.08115869999165,2026/09/18 14:47:38.379,2370,10251,74,449.62,99,68613
505.07175419997657,2026/09/18 14:47:43.356,2355,10251,75,449.77,99,69296
510.0479481999646,2026/09/18 14:47:48.345,2370,10251,75,449.83,99,69981
515.0360995999654,2026/09/18 14:47:53.325,2370,10251,75,449.54,99,70664
520.0174544999609,2026/09/18 14:47:58.307,2370,10251,74,449.23,98,71346
525.0978425999638,2026/09/18 14:48:03.390,2370,10251,75,449.58,99,72041
530.0820433999761,2026/09/18 14:48:08.363,2370,10251,75,449.57,99,72725
535.0568900000071,2026/09/18 14:48:13.343,2370,10251,74,449.67,99,73409
540.0353798999568,2026/09/18 14:48:18.327,2370,10251,75,449.54,98,74092
545.0196307000006,2026/09/18 14:48:23.305,2355,10251,74,449.69,99,74775
550.0965649999562,2026/09/18 14:48:28.380,2370,10251,74,449.66,99,75473
555.0714243999682,2026/09/18 14:48:33.351,2355,10251,74,449.68,99,76156
560.0421438000049,2026/09/18 14:48:38.324,2355,10251,74,449.76,99,76839
565.0152825000114,2026/09/18 14:48:43.303,2370,10251,74,449.65,99,77523
570.0931044999743,2026/09/18 14:48:48.384,2355,10251,74,449.52,99,78222
575.0756784999976,2026/09/18 14:48:53.359,2355,10251,74,449.68,99,78905
580.0505929999636,2026/09/18 14:48:58.343,2355,10251,74,449.52,99,79590
585.0341717999545,2026/09/18 14:49:03.317,2370,10251,74,449.59,99,80273
590.0093208999606,2026/09/18 14:49:08.303,2355,10251,74,449.62,99,80957
595.0945428999839,2026/09/18 14:49:13.390,2370,10251,74,449.70,99,81656
600.0835800999776,2026/09/18 14:49:18.366,2370,10251,74,449.51,99,82340
605.0585973999696,2026/09/18 14:49:23.355,2370,10251,74,449.74,99,83025
610.0457593000028,2026/09/18 14:49:28.327,2370,10251,74,449.55,99,83708
615.0279443999752,2026/09/18 14:49:33.323,2355,10251,74,449.28,99,84395
620.0150922999601,2026/09/18 14:49:38.309,2370,10251,74,449.50,99,85079
625.1000993999769,2026/09/18 14:49:43.385,2370,10251,74,449.48,99,85777
630.0759229999967,2026/09/18 14:49:48.360,2370,10251,74,449.83,99,86460
635.0489093000069,2026/09/18 14:49:53.334,2355,10251,74,449.84,99,87144
640.0259769000113,2026/09/18 14:49:58.311,2370,10251,74,449.56,99,87828
645.0029118999955,2026/09/18 14:50:03.288,2370,10251,74,449.48,98,88511
650.0798345999792,2026/09/18 14:50:08.366,2370,10251,74,449.90,99,89209
655.0574901999789,2026/09/18 14:50:13.344,2355,10251,74,449.76,99,89892
660.0351527999737,2026/09/18 14:50:18.321,2370,10251,74,449.52,98,90575
665.0128904999583,2026/09/18 14:50:23.295,2370,10251,74,449.65,99,91258
670.0870704999543,2026/09/18 14:50:28.368,2355,10251,74,449.37,99,91956
675.0595366999623,2026/09/18 14:50:33.340,2370,10251,74,449.75,99,92639
680.0326110000024,2026/09/18 14:50:38.321,2370,10251,74,449.61,99,93322
685.0137122999877,2026/09/18 14:50:43.307,2355,10251,74,449.53,99,94007
690.0989783999976,2026/09/18 14:50:48.390,2370,10251,74,449.48,99,94704
695.0819971999736,2026/09/18 14:50:53.375,2370,10251,74,449.64,99,95388
700.0695883999579,2026/09/18 14:50:58.359,2355,10251,74,449.66,99,96072
705.0490987999947,2026/09/18 14:51:03.344,2370,10251,74,449.52,98,96756
710.0372456999612,2026/09/18 14:51:08.320,2355,10251,74,449.67,99,97439
715.0110256999615,2026/09/18 14:51:13.297,2370,10251,74,449.76,99,98123
720.0915120999562,2026/09/18 14:51:18.386,2355,10251,74,449.50,98,98821
725.0772360999836,2026/09/18 14:51:23.373,2355,10251,74,449.64,99,99505
730.0654239999712,2026/09/18 14:51:28.357,2355,10251,74,449.79,99,100190
735.0500921999919,2026/09/18 14:51:33.343,2355,10251,74,449.65,99,100874
740.0337518999586,2026/09/18 14:51:38.316,2370,10251,74,449.55,98,101557
745.0078251999803,2026/09/18 14:51:43.297,2355,10251,74,449.55,99,102241
750.0887025999837,2026/09/18 14:51:48.382,2370,10251,74,449.09,98,102937
755.0787721999804,2026/09/18 14:51:53.361,2370,10251,74,449.38,98,103618
760.0537785000051,2026/09/18 14:51:58.332,2370,10251,74,449.35,98,104298
765.022828999965,2026/09/18 14:52:03.320,2370,10251,74,449.79,99,104982
770.0130399999907,2026/09/18 14:52:08.290,2370,10251,74,449.77,99,105664
775.0843749999767,2026/09/18 14:52:13.371,2370,10251,74,449.43,98,106361
780.0621567000053,2026/09/18 14:52:18.346,2370,10251,74,449.62,98,107044
785.0414616999915,2026/09/18 14:52:23.323,2355,10251,74,449.72,99,107727
790.0165111999959,2026/09/18 14:52:28.301,2370,10251,74,449.72,99,108410
795.0929614999914,2026/09/18 14:52:33.388,2355,10251,75,449.21,99,109099
800.0820640999591,2026/09/18 14:52:38.373,2370,10251,74,448.98,97,109780
805.06622779998,2026/09/18 14:52:43.354,2370,10251,74,449.84,99,110463
810.0450062999735,2026/09/18 14:52:48.333,2370,10251,74,449.89,99,111147
815.027174399991,2026/09/18 14:52:53.313,2370,10251,74,449.61,99,111830
820.0049123999779,2026/09/18 14:52:58.297,2355,10251,74,449.67,99,112514
825.0903875000076,2026/09/18 14:53:03.370,2355,10251,74,449.44,98,113209
830.0634970999672,2026/09/18 14:53:08.356,2370,10251,74,449.57,98,113892
835.0483900999534,2026/09/18 14:53:13.341,2355,10251,74,449.75,99,114575
840.0345222000033,2026/09/18 14:53:18.318,2355,10251,74,449.47,98,115257
845.0123316000099,2026/09/18 14:53:23.302,2355,10251,74,449.77,99,115940
850.0939557999955,2026/09/18 14:53:28.390,2370,10251,74,449.47,98,116638
855.0829351999564,2026/09/18 14:53:33.368,2355,10251,74,449.58,99,117321
860.0629759999574,2026/09/18 14:53:38.350,2355,10251,74,449.68,99,118005
865.0443483999697,2026/09/18 14:53:43.337,2355,10251,74,449.59,99,118688
870.0318688999978,2026/09/18 14:53:48.326,2370,10251,74,449.43,99,119373
875.0168470999924,2026/09/18 14:53:53.308,2355,10251,75,449.66,99,120056
880.0000103999628,2026/09/18 14:53:58.290,2370,10251,74,449.35,99,120741
885.0840113000013,2026/09/18 14:54:03.376,2370,10251,75,449.57,99,121439
890.0688879999798,2026/09/18 14:54:08.359,2370,10251,74,449.75,99,122123
895.0500142999808,2026/09/18 14:54:13.339,2370,10251,75,449.75,99,122806
900.0335620999685,2026/09/18 14:54:18.324,2370,10251,75,449.56,98,123490
905.0151620999677,2026/09/18 14:54:23.304,2355,10251,75,449.54,99,124173
910.0986748999567,2026/09/18 14:54:28.393,2355,10251,75,449.66,99,124871
915.0868603999843,2026/09/18 14:54:33.382,2355,10251,74,449.84,99,125555
920.0756596999709,2026/09/18 14:54:38.370,2355,10251,74,449.67,99,126239
925.0654553999775,2026/09/18 14:54:43.350,2370,10251,74,449.26,99,126922
930.0450949000078,2026/09/18 14:54:48.340,2370,10251,74,449.57,99,127607
935.0311140999547,2026/09/18 14:54:53.309,2355,10251,75,449.77,99,128288
940.0053260999848,2026/09/18 14:54:58.305,2355,10251,75,449.80,99,128974
945.0997085999697,2026/09/18 14:55:03.387,2355,10251,75,449.55,99,129671
950.0799032999785,2026/09/18 14:55:08.365,2355,10251,74,449.38,99,130354
955.0567601000075,2026/09/18 14:55:13.340,2370,10251,75,449.73,98,131036
960.0359639999806,2026/09/18 14:55:18.313,2355,10251,75,449.50,98,131717
965.0089841999579,2026/09/18 14:55:23.298,2355,10251,74,449.46,99,132400
970.0955150999944,2026/09/18 14:55:28.383,2355,10251,75,449.77,99,133098
975.0798610000056,2026/09/18 14:55:33.368,2370,10251,75,449.65,99,133782
980.0628540999605,2026/09/18 14:55:38.351,2370,10251,75,449.57,99,134466
985.0446055000066,2026/09/18 14:55:43.337,2355,10251,75,449.59,99,135150
990.0338374999701,2026/09/18 14:55:48.314,2355,10251,75,449.61,99,135833
995.0084986999864,2026/09/18 14:55:53.296,2355,10251,74,449.54,99,136516
1000.0922306999564,2026/09/18 14:55:58.379,2370,10251,74,449.30,99,137214
1005.072168499988,2026/09/18 14:56:03.359,2355,10251,75,449.55,99,137897
1010.0556253999821,2026/09/18 14:56:08.342,2355,10251,75,449.77,99,138580
1015.0361821000115,2026/09/18 14:56:13.316,2370,10251,75,449.70,98,139263
1020.0099133999902,2026/09/18 14:56:18.290,2355,10251,75,449.58,98,139945
1025.0872522999998,2026/09/18 14:56:23.366,2400,10251,75,450.26,98,140631
1030.0655967000057,2026/09/18 14:56:28.357,2400,10251,75,449.97,98,141308
1035.0524418999557,2026/09/18 14:56:33.335,2370,10251,75,449.39,99,141991
1040.0311163999722,2026/09/18 14:56:38.319,2370,10251,75,449.67,99,142674
1045.0122149999952,2026/09/18 14:56:43.291,2370,10251,75,449.54,99,143357
1050.085593900003,2026/09/18 14:56:48.373,2355,10251,75,449.35,99,144054
1055.0678236999665,2026/09/18 14:56:53.342,2370,10251,75,449.21,99,144735
1060.0376742999651,2026/09/18 14:56:58.324,2370,10251,75,449.69,98,145418
1065.0195944999577,2026/09/18 14:57:03.297,2355,10251,75,449.34,99,146100
1070.094335599977,2026/09/18 14:57:08.386,2340,10251,74,449.91,99,146798
1075.0825951999868,2026/09/18 14:57:13.373,2370,10251,74,449.45,99,147482
1080.0717942999909,2026/09/18 14:57:18.363,2370,10251,75,449.86,99,148166
1085.0613756999956,2026/09/18 14:57:23.350,2340,10251,74,449.12,99,148850
1090.0483920999686,2026/09/18 14:57:28.327,2355,10251,74,449.45,99,149533
1095.0239689999726,2026/09/18 14:57:33.304,2355,10251,75,449.92,99,150216
1100.0020671999664,2026/09/18 14:57:38.278,2355,10251,75,449.41,98,150899
1105.075591299974,2026/09/18 14:57:43.362,2355,10251,75,449.68,99,151596
1110.0609541999875,2026/09/18 14:57:48.346,2370,10251,74,449.50,99,152280
1115.0458069999586,2026/09/18 14:57:53.334,2370,10251,74,449.66,99,152964
1120.0314008999849,2026/09/18 14:57:58.317,2355,10251,74,449.76,99,153649
1125.0165323999827,2026/09/18 14:58:03.294,2340,10251,75,449.19,98,154328
1130.0969859999605,2026/09/18 14:58:08.374,2355,10251,74,449.68,99,155016
1135.072735099995,2026/09/18 14:58:13.351,2355,10251,75,449.70,99,155690
1140.0491330999648,2026/09/18 14:58:18.334,2355,10251,74,449.73,99,156373
1145.032070199959,2026/09/18 14:58:23.317,2385,10251,75,449.10,98,157057
1150.018101900001,2026/09/18 14:58:28.305,2370,10251,74,449.83,99,157740
1155.0036716999603,2026/09/18 14:58:33.296,2355,10251,75,449.43,98,158422
1160.0954247000045,2026/09/18 14:58:38.377,2355,10251,75,449.64,99,159117
1165.0748765000026,2026/09/18 14:58:43.357,2355,10251,75,449.28,99,159800
1170.0579176999745,2026/09/18 14:58:48.331,2355,10251,74,449.62,99,160483
1175.029519899981,2026/09/18 14:58:53.306,2355,10251,75,449.83,99,161165
1180.003948699974,2026/09/18 14:58:58.285,2370,10251,75,449.37,99,161847
1185.0819577999646,2026/09/18 14:59:03.366,2370,10251,74,449.77,99,162542
1190.0629291000078,2026/09/18 14:59:08.351,2355,10251,75,449.43,99,163225
1195.048902599956,2026/09/18 14:59:13.334,2355,10251,75,449.78,99,163908
