epoch,training_loss_dropout_on,validation_loss,validation_perplexity,validation_bits_per_character,validation_top1_accuracy,average_gradient_norm,learning_rate,epoch_time_seconds
1,2.04719350403574,1.2875863131444165,3.6240287201821926,1.8575943886899537,0.6053171875,0.43216578781566634,0.00029795172049001625,18.33214831352234
2,1.2258072440165095,1.0660023188135426,2.9037480071891766,1.5379162589284336,0.66781484375,0.3594188284622273,0.00028191470241898563,18.154239177703857
3,1.0827091351122866,0.9866622196640938,2.6822666974052387,1.4234526913418852,0.69199375,0.35703364849777003,0.00025158363336006274,17.61595058441162
4,1.0159955305009793,0.9423721326384574,2.5660612420287143,1.359555602429459,0.70424453125,0.3570987151093157,0.00021024513595420586,18.05448627471924
5,0.9755641815758483,0.9163813116444144,2.5002264596818264,1.3220587738727203,0.71186875,0.35763200764768943,0.00016237857890593883,18.18308162689209
6,0.9484731468800467,0.8975936106056165,2.4536914640310616,1.2949538507543423,0.71754375,0.3603081718439943,0.0001131707002703544,18.13860845565796
7,0.9296439713342634,0.8844948160420557,2.421760647774494,1.2760562847958699,0.721515625,0.3631732475467775,6.795358141006665e-05,18.389939308166504
8,0.917079634378144,0.8764135932466787,2.4022687257833475,1.2643975447446605,0.72423203125,0.3656995287135253,3.162687180055005e-05,18.318596839904785
9,0.9096150548886734,0.8733410520158755,2.3948989837918164,1.2599648047480538,0.725084375,0.36639058139945024,8.126871413368957e-06,18.19060778617859
10,0.9062144078662284,0.8727689301891691,2.393529201688915,1.2591394074258802,0.72531796875,0.365475725875935,0.0,18.738353967666626
