metric,value,source
train_cross_entropy_dropout_off,0.8433332967150743,train_evaluation
train_perplexity_dropout_off,2.324100997948406,train_evaluation
train_bpc_dropout_off,1.2166727649873785,train_evaluation
train_top1_accuracy_dropout_off,0.73213515625,train_evaluation
train_cross_entropy_dropout_on,0.9062144078662284,training_log
validation_cross_entropy,0.8727689301891691,validation_evaluation
validation_perplexity,2.393529201688915,validation_evaluation
validation_bpc,1.2591394074258802,validation_evaluation
validation_top1_accuracy,0.72531796875,validation_evaluation
generalization_gap_dropout_off,0.029435633474094836,evaluation
generalization_gap_dropout_on,-0.0334454776770593,evaluation
distinct_1_char_temperature_0.0,0.13024999999999998,generation
distinct_2_char_temperature_0.0,0.38819095477386933,generation
distinct_3_char_temperature_0.0,0.5222222222222223,generation
repeated_4gram_rate_char_temperature_0.0,0.4289340101522843,generation
distinct_1_word_temperature_0.0,0.5093902744229867,generation
distinct_2_word_temperature_0.0,0.6242761125757738,generation
distinct_3_word_temperature_0.0,0.6697513414758373,generation
repeated_4gram_rate_word_temperature_0.0,0.30200795915625017,generation
distinct_1_char_temperature_0.5,0.1426,generation
distinct_2_char_temperature_0.5,0.5234673366834172,generation
distinct_3_char_temperature_0.5,0.7501010101010104,generation
repeated_4gram_rate_char_temperature_0.5,0.15385786802030454,generation
distinct_1_word_temperature_0.5,0.7265965155969377,generation
distinct_2_word_temperature_0.5,0.9469469211428813,generation
distinct_3_word_temperature_0.5,0.9851877309699836,generation
repeated_4gram_rate_word_temperature_0.5,0.003627837027156369,generation
distinct_1_char_temperature_0.8,0.14745,generation
distinct_2_char_temperature_0.8,0.5615075376884422,generation
distinct_3_char_temperature_0.8,0.80020202020202,generation
repeated_4gram_rate_char_temperature_0.8,0.10903553299492386,generation
distinct_1_word_temperature_0.8,0.7809150458877748,generation
distinct_2_word_temperature_0.8,0.9805952006249057,generation
distinct_3_word_temperature_0.8,0.9962046521828293,generation
repeated_4gram_rate_word_temperature_0.8,0.0012897863796451727,generation
distinct_1_char_temperature_1.0,0.15004999999999996,generation
distinct_2_char_temperature_1.0,0.5751758793969849,generation
distinct_3_char_temperature_1.0,0.8221212121212119,generation
repeated_4gram_rate_char_temperature_1.0,0.08908629441624365,generation
distinct_1_word_temperature_1.0,0.8217943365609574,generation
distinct_2_word_temperature_1.0,0.9874692863716806,generation
distinct_3_word_temperature_1.0,0.9981568005252215,generation
repeated_4gram_rate_word_temperature_1.0,0.0005409356725146198,generation
gradient_norm_mean,0.3684396242912351,training_stability
gradient_norm_max,1.7694355249404907,training_stability
gradient_norm_std,0.10082454792095322,training_stability
loss_spike_count,0.0,training_stability
loss_nan_count,0.0,training_stability
gradient_nan_count,0.0,training_stability
learning_rate_nan_count,0.0,training_stability
total_nonfinite_count,0.0,training_stability
parameter_count,3248640.0,training_resources
total_training_time_seconds,182.5694510936737,training_resources
training_tokens_per_second,701103.0554850333,training_resources
peak_memory_allocated_gb,1.4048843383789062,training_resources
peak_memory_reserved_gb,1.55078125,training_resources
generation_tokens_per_second,274.0689248326798,generation_resources
generation_elapsed_seconds,1.8243585999589413,generation_resources
